{
  "acc_f1": 0.6409569448565844,
  "accuracy": 0.6124223602484472,
  "f1": 0.6694915294647217,
  "precision": 0.5862708687782288,
  "recall": 0.780246913433075
}
