{
  "ans_f1": 0.6704707741737366,
  "qst_f1": 0.6189439801866023,
  "em": 0.24324324324324326,
  "avg": 0.4568570087084899
}
