{
  "accuracy": 0.4429223744292237,
  "f1": 0.3828911781311035,
  "precision": 0.39151593049367267,
  "recall": 0.38360802332560223
}
