{
  "accuracy": 0.5676476815583316,
  "f1": 0.5454140305519104,
  "precision": 0.48171451687812805,
  "recall": 0.6285274624824524
}
