{
  "f1": 0.23684212565422058,
  "acc": 0.6233766233766234
}
