{
  "acc_f1": 0.6576397484874132,
  "accuracy": 0.6124223602484472,
  "f1": 0.7028571367263794,
  "precision": 0.5720930099487305,
  "recall": 0.9111111164093018
}
