{
  "ans_f1": 0.14816781878471375,
  "qst_f1": 0.08311270602289905,
  "em": 0.024820739106453393,
  "avg": 0.08649427894558356
}
