{
  "accuracy": 0.4726027397260274,
  "f1": 0.42598674694697064,
  "precision": 0.4468832115332286,
  "recall": 0.4250255574782689
}
