{
  "accuracy": 0.6943150539911074,
  "f1": 0.6014217734336853,
  "precision": 0.6509786248207092,
  "recall": 0.5588763356208801
}
