{
  "acc_f1": 0.6748067938392948,
  "accuracy": 0.6335403726708074,
  "f1": 0.716073215007782,
  "precision": 0.5867508053779602,
  "recall": 0.9185185432434082
}
