{
  "accuracy": 0.4794520547945205,
  "f1": 0.44559503595034283,
  "precision": 0.45120840271313983,
  "recall": 0.44153637687365216
}
