{
  "f1": 0.17997795232189612,
  "em": 0.17844839465343806,
  "avg": 0.17921317348766708
}
