{
  "accuracy": 0.7336968028795258,
  "f1": 0.6861314177513123,
  "precision": 0.667921781539917,
  "recall": 0.7053617238998413
}
