{
  "ans_f1": 0.7167245149612427,
  "qst_f1": 0.6797546895741758,
  "em": 0.3154991726420298,
  "avg": 0.5161118438016362
}
