{
  "f1": 0.24159202608975244,
  "em": 0.24031969133250655,
  "avg": 0.2409558587111295
}
