{
  "ans_f1": 0.7171419858932495,
  "qst_f1": 0.6713432164167213,
  "em": 0.32542746828461117,
  "avg": 0.5212847270889304
}
