{
  "accuracy": 0.4771689497716895,
  "f1": 0.4023667722940445,
  "precision": 0.4155447532733281,
  "recall": 0.40081465740998584
}
