{
  "accuracy": 0.72131060766462,
  "f1": 0.6678023338317871,
  "precision": 0.6571463942527771,
  "recall": 0.678809642791748
}
