{
  "acc_f1": 0.6483036267461244,
  "accuracy": 0.6111801242236025,
  "f1": 0.6854271292686462,
  "precision": 0.5779660940170288,
  "recall": 0.8419753313064575
}
