{
  "ans_f1": 0.7319034337997437,
  "qst_f1": 0.6887034864811626,
  "em": 0.3607280750137893,
  "avg": 0.5463157544067665
}
