{
  "accuracy": 0.4497716894977169,
  "f1": 0.3776356726884842,
  "precision": 0.39518319567044574,
  "recall": 0.3942035635312398
}
