{
  "accuracy": 0.7228456489519374,
  "f1": 0.6627592444419861,
  "precision": 0.6655886173248291,
  "recall": 0.6599538326263428
}
