{
  "acc_f1": 0.6536407805747868,
  "accuracy": 0.6024844720496895,
  "f1": 0.704797089099884,
  "precision": 0.5625920295715332,
  "recall": 0.9432098865509033
}
