{
  "ans_f1": 0.689586341381073,
  "qst_f1": 0.6453615497701154,
  "em": 0.290126861555433,
  "avg": 0.489856601468253
}
