{
  "f1": 0.18011575031004548,
  "em": 0.17858619264158743,
  "avg": 0.17935097147581647
}
