{
  "accuracy": 0.7270273131484226,
  "f1": 0.6817648410797119,
  "precision": 0.6569151878356934,
  "recall": 0.7085685133934021
}
