{
  "acc_f1": 0.6342179485359547,
  "accuracy": 0.5925465838509317,
  "f1": 0.6758893132209778,
  "precision": 0.563426673412323,
  "recall": 0.8444444537162781
}
