{
  "accuracy": 0.454337899543379,
  "f1": 0.3882596492767334,
  "precision": 0.3952671339114507,
  "recall": 0.3877528558174769
}
