{
  "accuracy": 0.6243912767308913,
  "f1": 0.6047677993774414,
  "precision": 0.5344555974006653,
  "recall": 0.6963827610015869
}
