{
  "f1": 0.03773584961891174,
  "acc": 0.6688311688311688
}
