{
  "acc_f1": 0.648278538114536,
  "accuracy": 0.6024844720496895,
  "f1": 0.6940726041793823,
  "precision": 0.5663026571273804,
  "recall": 0.8962963223457336
}
