{
  "ans_f1": 0.6696243286132812,
  "qst_f1": 0.6101016542954926,
  "em": 0.26971869829012685,
  "avg": 0.46967151345170405
}
