{
  "accuracy": 0.4817351598173516,
  "f1": 0.37840069085359573,
  "precision": 0.3885800888140996,
  "recall": 0.38996220131715137
}
