{
  "accuracy": 0.7304679229303409,
  "f1": 0.6768214702606201,
  "precision": 0.6698492169380188,
  "recall": 0.6839404702186584
}
