{
  "f1": 0.2682926654815674,
  "acc": 0.6103896103896104
}
