{
  "acc_f1": 0.6457173592185381,
  "accuracy": 0.6124223602484472,
  "f1": 0.6790123581886292,
  "precision": 0.5820105671882629,
  "recall": 0.8148148059844971
}
