{
  "ans_f1": 0.7113402485847473,
  "qst_f1": 0.6768655030029095,
  "em": 0.3066740209597352,
  "avg": 0.5090071347722412
}
