{
  "accuracy": 0.502283105022831,
  "f1": 0.43711132804552716,
  "precision": 0.47527151306470233,
  "recall": 0.42999667922655743
}
