{
  "accuracy": 0.6600677535464747,
  "f1": 0.5863179564476013,
  "precision": 0.5888975262641907,
  "recall": 0.5837609171867371
}
