{
  "f1": 0.35555556416511536,
  "acc": 0.6233766233766234
}
