{
  "acc_f1": 0.6502608332204523,
  "accuracy": 0.6062111801242236,
  "f1": 0.6943104863166809,
  "precision": 0.5696202516555786,
  "recall": 0.8888888955116272
}
