{
  "lex_sem": 0.08470894774217276,
  "lex_sem__Named entities": -0.07018624063435965,
  "lex_sem__Factivity": -0.02242242646654375,
  "lex_sem__Morphological negation": -0.03289758474798845,
  "lex_sem__Lexical entailment;Quantifiers": -0.5773502691896258,
  "lex_sem__Quantifiers": 0.04363085953372801,
  "lex_sem__Lexical entailment;Factivity": 0.0,
  "lex_sem__Factivity;Quantifiers": 0.0,
  "lex_sem__Redundancy": 0.20228869496966945,
  "lex_sem__Symmetry/Collectivity": -0.34687296754716024,
  "pr_ar_str": 0.06001149442772133,
  "pr_ar_str__Genitives/Partitives": 0.12964074471043288,
  "pr_ar_str__Restrictivity": -0.25,
  "pr_ar_str__Active/Passive;Prepositional phrases": 0.0,
  "pr_ar_str__Restrictivity;Relative clauses": 1.0,
  "pr_ar_str__Datives": -0.12598815766974242,
  "pr_ar_str__Coordination scope;Prepositional phrases": 0.0,
  "pr_ar_str__Coordination scope": -0.17289101870203116,
  "pr_ar_str__Ellipsis/Implicits": -0.14907119849998599,
  "pr_ar_str__Nominalization;Genitives/Partitives": 0.0,
  "pr_ar_str__Relative clauses;Restrictivity": 0.0,
  "pr_ar_str__Intersectivity": 0.12157313432890224,
  "pr_ar_str__Core args;Anaphora/Coreference": -0.5773502691896258,
  "pr_ar_str__Restrictivity;Anaphora/Coreference": 0.0,
  "pr_ar_str__Relative clauses": 0.07254762501100116,
  "pr_ar_str__Ellipsis/Implicits;Anaphora/Coreference": -0.5773502691896258,
  "pr_ar_str__Core args": 0.12903269941763887,
  "pr_ar_str__Anaphora/Coreference": 0.10008009612817946,
  "pr_ar_str__Active/Passive": 0.07273929674533079,
  "pr_ar_str__Relative clauses;Anaphora/Coreference": 0.0,
  "pr_ar_str__Prepositional phrases": 0.2956255446472993,
  "pr_ar_str__Nominalization": 0.05773502691896257,
  "pr_ar_str__Anaphora/Coreference;Prepositional phrases": 0.5773502691896258,
  "logic": -0.034136432695570845,
  "logic__Temporal;Intervals/Numbers": 0.0,
  "logic__Temporal;Conjunction": 0.0,
  "logic__Temporal": 0.04222003309207491,
  "logic__Existential;Upward monotone": 1.0,
  "logic__Disjunction;Negation": 0.0,
  "logic__Universal": 0.0,
  "logic__Conjunction": -0.09759000729485331,
  "logic__Disjunction;Conditionals;Negation": 0.0,
  "logic__Double negation;Negation": 0.0,
  "logic__Double negation": -0.4690415759823429,
  "logic__Existential;Negation": 0.0,
  "logic__Disjunction;Conjunction": 0.0,
  "logic__Disjunction;Non-monotone": 0.0,
  "logic__Existential": -0.20672455764868078,
  "logic__Conditionals": -0.33195686496194077,
  "logic__Intervals/Numbers": -0.14744195615489714,
  "logic__Universal;Conjunction": 0.0,
  "logic__Downward monotone": 0.23354968324845687,
  "logic__Downward monotone;Existential;Negation": 0.0,
  "logic__Negation;Conditionals": 0.0,
  "logic__Non-monotone": -0.18448201388042726,
  "logic__Universal;Negation": 0.0,
  "logic__Conjunction;Upward monotone": 0.0,
  "logic__Intervals/Numbers;Non-monotone": -0.7071067811865476,
  "logic__Negation": -0.07747516350666292,
  "logic__Conjunction;Negation": 0.0,
  "logic__Disjunction": 0.0,
  "logic__Upward monotone": 0.25065177828520524,
  "knowledge": 0.0869733353668998,
  "knowledge__Common sense": 0.05471055413938253,
  "all_mcc": 0.0628572279393005,
  "accuracy": 0.5778985507246377
}
