{
  "ans_f1": 0.6227768659591675,
  "qst_f1": 0.6167347359677013,
  "em": 0.03695532266960838,
  "avg": 0.32986609431438796
}
