{
  "accuracy": 0.4589041095890411,
  "f1": 0.37373189131418866,
  "precision": 0.4225366910298665,
  "recall": 0.38795823852221173
}
