{
  "accuracy": 0.6849989413508364,
  "f1": 0.618598997592926,
  "precision": 0.6181631684303284,
  "recall": 0.6190354228019714
}
