{
  "acc_f1": 0.6700967234113941,
  "accuracy": 0.6347826086956522,
  "f1": 0.7054108381271362,
  "precision": 0.5935919284820557,
  "recall": 0.8691357970237732
}
