{
  "accuracy": 0.7302561930976075,
  "f1": 0.6731237769126892,
  "precision": 0.6732101440429688,
  "recall": 0.6730374693870544
}
