{
  "acc_f1": 0.6574869314335888,
  "accuracy": 0.6186335403726708,
  "f1": 0.6963403224945068,
  "precision": 0.5808581113815308,
  "recall": 0.8691357970237732
}
