{
  "lex_sem": 0.2687540312520187,
  "lex_sem__Symmetry/Collectivity": 0.0,
  "lex_sem__Lexical entailment": 0.13803219427414865,
  "lex_sem__Redundancy": 0.42986347681054754,
  "lex_sem__Morphological negation": 0.13379797308309913,
  "lex_sem__Named entities": 0.19245008972987526,
  "lex_sem__Factivity": 0.2444144502094572,
  "lex_sem__Factivity;Quantifiers": 0.0,
  "lex_sem__Quantifiers": 0.17687766324863066,
  "lex_sem__Lexical entailment;Factivity": 1.0,
  "pr_ar_str": 0.3236499922333779,
  "pr_ar_str__Restrictivity;Relative clauses": 0.0,
  "pr_ar_str__Core args;Anaphora/Coreference": 1.0,
  "pr_ar_str__Relative clauses": 0.36514837167011077,
  "pr_ar_str__Coordination scope;Prepositional phrases": 0.7071067811865476,
  "pr_ar_str__Nominalization;Genitives/Partitives": 0.0,
  "pr_ar_str__Genitives/Partitives": 0.1889822365046136,
  "pr_ar_str__Nominalization": 0.4218307438660538,
  "pr_ar_str__Ellipsis/Implicits;Anaphora/Coreference": -1.0,
  "pr_ar_str__Prepositional phrases": 0.46423834544262965,
  "pr_ar_str__Datives": 0.3563483225498992,
  "pr_ar_str__Intersectivity": 0.4020997519600277,
  "pr_ar_str__Anaphora/Coreference": 0.2571104222523257,
  "pr_ar_str__Relative clauses;Anaphora/Coreference": 1.0,
  "pr_ar_str__Anaphora/Coreference;Prepositional phrases": -0.5773502691896258,
  "pr_ar_str__Core args": 0.4861724348043977,
  "pr_ar_str__Intersectivity;Ellipsis/Implicits": 0.0,
  "pr_ar_str__Ellipsis/Implicits": 0.15811388300841897,
  "pr_ar_str__Active/Passive;Prepositional phrases": 1.0,
  "pr_ar_str__Coordination scope": 0.23539749218082762,
  "pr_ar_str__Restrictivity": 0.35082320772281167,
  "pr_ar_str__Restrictivity;Anaphora/Coreference": 0.0,
  "pr_ar_str__Active/Passive": 0.3333333333333333,
  "logic": 0.13545210635857188,
  "logic__Temporal;Intervals/Numbers": 0.0,
  "logic__Disjunction;Negation": 0.0,
  "logic__Disjunction;Conditionals;Negation": 0.3333333333333333,
  "logic__Disjunction": -0.052414241836095915,
  "logic__Negation": 0.0630528288755463,
  "logic__Double negation;Negation": 0.0,
  "logic__Existential": 0.5555555555555556,
  "logic__Downward monotone": -0.2958081738859997,
  "logic__Double negation": -0.06639061303092922,
  "logic__Disjunction;Conjunction": 0.5773502691896258,
  "logic__Conjunction": 0.4879500364742666,
  "logic__Universal;Conjunction": 0.0,
  "logic__Downward monotone;Existential;Negation": 0.0,
  "logic__Temporal": 0.023124864503144014,
  "logic__Conjunction;Negation": 0.0,
  "logic__Negation;Conditionals": 0.0,
  "logic__Existential;Negation": 0.0,
  "logic__Universal;Negation": 0.0,
  "logic__Temporal;Conjunction": 0.0,
  "logic__Intervals/Numbers": 0.070869157725464,
  "logic__Existential;Upward monotone": 0.0,
  "logic__Downward monotone;Conditionals": -1.0,
  "logic__Conjunction;Upward monotone": 0.0,
  "logic__Universal": 0.7006490497453707,
  "logic__Conditionals": 0.1336306209562122,
  "logic__Intervals/Numbers;Non-monotone": -0.5,
  "logic__Upward monotone": 0.5303491306562569,
  "logic__Non-monotone": 0.2772413120334688,
  "knowledge": 0.19729321876620332,
  "knowledge__Common sense": 0.18125116113599735,
  "all_mcc": 0.24174145335477312,
  "accuracy": 0.6177536231884058
}
