{
  "ans_f1": 0.7254444360733032,
  "qst_f1": 0.6849592840447981,
  "em": 0.3425261996690568,
  "avg": 0.53398531787118
}
