{
  "accuracy": 0.4703196347031963,
  "f1": 0.37888263165950775,
  "precision": 0.429736206928889,
  "recall": 0.38141085455815
}
