{
  "accuracy": 0.7242218928647046,
  "f1": 0.6691222786903381,
  "precision": 0.6626415252685547,
  "recall": 0.6757311224937439
}
