{
  "acc_f1": 0.6671802212732919,
  "accuracy": 0.6273291925465838,
  "f1": 0.70703125,
  "precision": 0.584814190864563,
  "recall": 0.8938271403312683
}
