{
  "ans_f1": 0.6987556219100952,
  "qst_f1": 0.6648359813383778,
  "em": 0.28185328185328185,
  "avg": 0.49030445188168853
}
