{
  "accuracy": 0.4794520547945205,
  "f1": 0.4313909908135732,
  "precision": 0.45194923877716064,
  "recall": 0.4235909779866536
}
