{
  "accuracy": 0.5811454583950879,
  "f1": 0.5709483623504639,
  "precision": 0.49450549483299255,
  "recall": 0.675346314907074
}
