{
  "f1": 0.27272728085517883,
  "acc": 0.6883116883116883
}
