{
  "acc_f1": 0.6408991112842323,
  "accuracy": 0.6049689440993788,
  "f1": 0.6768292784690857,
  "precision": 0.575129508972168,
  "recall": 0.8222222328186035
}
