{
  "accuracy": 0.4863013698630137,
  "f1": 0.27630070348580676,
  "precision": 0.3244650065898895,
  "recall": 0.34537114202976227
}
