{
  "f1": 0.29615149904525684,
  "em": 0.2941987046989114,
  "avg": 0.2951751018720841
}
