{
  "f1": 0.038461536169052124,
  "acc": 0.6753246753246753
}
