{
  "acc_f1": 0.667284745829446,
  "accuracy": 0.6285714285714286,
  "f1": 0.7059980630874634,
  "precision": 0.5866013169288635,
  "recall": 0.8864197731018066
}
