{
  "ans_f1": 0.7290277481079102,
  "qst_f1": 0.6924300996789075,
  "em": 0.34473248758963043,
  "avg": 0.5368801178487703
}
