{
  "accuracy": 0.4726027397260274,
  "f1": 0.3740708405772845,
  "precision": 0.4345853229363759,
  "recall": 0.38142333924770355
}
