{
  "acc_f1": 0.6689336941479156,
  "accuracy": 0.631055900621118,
  "f1": 0.7068114876747131,
  "precision": 0.5888158082962036,
  "recall": 0.8839505910873413
}
