{
  "ans_f1": 0.7235302329063416,
  "qst_f1": 0.6903857815614144,
  "em": 0.3281853281853282,
  "avg": 0.5258577805458349
}
