{
  "accuracy": 0.4406392694063927,
  "f1": 0.4103686412175496,
  "precision": 0.41099660595258075,
  "recall": 0.4163666566212972
}
