{
  "accuracy": 0.7297798009739572,
  "f1": 0.6684849858283997,
  "precision": 0.676969587802887,
  "recall": 0.660210371017456
}
