{
  "acc_f1": 0.6544227460526532,
  "accuracy": 0.6186335403726708,
  "f1": 0.6902119517326355,
  "precision": 0.5836177468299866,
  "recall": 0.8444444537162781
}
