{
  "ans_f1": 0.7237310409545898,
  "qst_f1": 0.6908073402526165,
  "em": 0.3281853281853282,
  "avg": 0.525958184569959
}
