{
  "accuracy": 0.4589041095890411,
  "f1": 0.34388776620229083,
  "precision": 0.37359680732091266,
  "recall": 0.35776080066959065
}
