{
  "accuracy": 0.7245924200719881,
  "f1": 0.6679430603981018,
  "precision": 0.6646767258644104,
  "recall": 0.6712416410446167
}
