{
  "acc_f1": 0.6351649329529045,
  "accuracy": 0.5950310559006211,
  "f1": 0.675298810005188,
  "precision": 0.5659432411193848,
  "recall": 0.8370370268821716
}
