{
  "ans_f1": 0.7004429697990417,
  "qst_f1": 0.6666474134814852,
  "em": 0.28957528957528955,
  "avg": 0.49500912968716565
}
