{
  "accuracy": 0.4360730593607306,
  "f1": 0.38555000722408295,
  "precision": 0.38487769663333893,
  "recall": 0.3911478867133458
}
