{
  "accuracy": 0.731367774719458,
  "f1": 0.6749086976051331,
  "precision": 0.6740882992744446,
  "recall": 0.6757311224937439
}
