{
  "acc_f1": 0.6601149959964041,
  "accuracy": 0.6149068322981367,
  "f1": 0.7053231596946716,
  "precision": 0.5734157562255859,
  "recall": 0.9160493612289429
}
