{
  "ans_f1": 0.7226412892341614,
  "qst_f1": 0.6910322669192828,
  "em": 0.3309431880860452,
  "avg": 0.5267922386601033
}
