{
  "accuracy": 0.4954337899543379,
  "f1": 0.41722924013932544,
  "precision": 0.46625622113545734,
  "recall": 0.4134395817915599
}
