{
  "f1": 0.33067383216205043,
  "em": 0.32878599972440403,
  "avg": 0.3297299159432272
}
