{
  "accuracy": 0.7202519585009528,
  "f1": 0.6678398847579956,
  "precision": 0.65471351146698,
  "recall": 0.6815033555030823
}
