{
  "f1": 0.2666666805744171,
  "acc": 0.7142857142857143
}
