{
  "acc_f1": 0.64655662734316,
  "accuracy": 0.6037267080745342,
  "f1": 0.6893865466117859,
  "precision": 0.5691318511962891,
  "recall": 0.8740741014480591
}
