{
  "ans_f1": 0.6924498081207275,
  "qst_f1": 0.6538964697194244,
  "em": 0.2912300055157198,
  "avg": 0.49183990681822365
}
