{
  "accuracy": 0.4360730593607306,
  "f1": 0.35740751028060913,
  "precision": 0.36970487236976624,
  "recall": 0.3600292180975278
}
