{
  "accuracy": 0.7291975439339403,
  "f1": 0.6795690655708313,
  "precision": 0.6640146970748901,
  "recall": 0.6958696842193604
}
