{
  "f1": 0.3243243396282196,
  "acc": 0.6753246753246753
}
