{
  "acc_f1": 0.6505225664710406,
  "accuracy": 0.6124223602484472,
  "f1": 0.688622772693634,
  "precision": 0.5778894424438477,
  "recall": 0.8518518805503845
}
