{
  "lex_sem": 0.19492704606978709,
  "lex_sem__Symmetry/Collectivity": 0.0,
  "lex_sem__Lexical entailment;Factivity": 0.0,
  "lex_sem__Lexical entailment;Quantifiers": -0.5773502691896258,
  "lex_sem__Redundancy": 0.17951965741648493,
  "lex_sem__Factivity": 0.0,
  "lex_sem__Lexical entailment": 0.12522903494587084,
  "lex_sem__Morphological negation": 0.3492912213303892,
  "lex_sem__Named entities": -0.07018624063435965,
  "lex_sem__Quantifiers": 0.3260546535181914,
  "pr_ar_str": 0.09656787584648677,
  "pr_ar_str__Nominalization": 0.25617376914899,
  "pr_ar_str__Nominalization;Genitives/Partitives": 0.0,
  "pr_ar_str__Genitives/Partitives": 0.4780914437337575,
  "pr_ar_str__Prepositional phrases": 0.1073177512288057,
  "pr_ar_str__Anaphora/Coreference": 0.009615384615384616,
  "pr_ar_str__Intersectivity;Ellipsis/Implicits": 0.0,
  "pr_ar_str__Coordination scope;Prepositional phrases": -0.7071067811865476,
  "pr_ar_str__Datives": 0.2058790548922549,
  "pr_ar_str__Ellipsis/Implicits": 0.14433756729740643,
  "pr_ar_str__Relative clauses": 0.0,
  "pr_ar_str__Relative clauses;Anaphora/Coreference": 0.0,
  "pr_ar_str__Core args": 0.1948195942874091,
  "pr_ar_str__Coordination scope": 0.07509881422924901,
  "pr_ar_str__Ellipsis/Implicits;Anaphora/Coreference": -0.5773502691896258,
  "pr_ar_str__Anaphora/Coreference;Prepositional phrases": 0.0,
  "pr_ar_str__Core args;Anaphora/Coreference": 0.3333333333333333,
  "pr_ar_str__Restrictivity": 0.0,
  "pr_ar_str__Active/Passive": -0.055227791305300936,
  "pr_ar_str__Active/Passive;Prepositional phrases": 0.0,
  "pr_ar_str__Restrictivity;Anaphora/Coreference": 0.0,
  "pr_ar_str__Relative clauses;Restrictivity": 0.5773502691896258,
  "pr_ar_str__Intersectivity": 0.0617112631958217,
  "logic": 0.07875637149251491,
  "logic__Existential": 0.14907119849998599,
  "logic__Universal": 0.37777777777777777,
  "logic__Disjunction": 0.17142178795424282,
  "logic__Disjunction;Conditionals;Negation": 0.3333333333333333,
  "logic__Downward monotone": -0.05454545454545454,
  "logic__Disjunction;Negation": 0.4472135954999579,
  "logic__Non-monotone": 0.03529411764705882,
  "logic__Temporal;Intervals/Numbers": 0.0,
  "logic__Conjunction;Negation": 0.0,
  "logic__Existential;Negation": 0.0,
  "logic__Disjunction;Conjunction": 0.0,
  "logic__Intervals/Numbers;Non-monotone": 0.0,
  "logic__Disjunction;Non-monotone": 0.0,
  "logic__Conditionals": 0.49795500165523937,
  "logic__Universal;Negation": 0.0,
  "logic__Double negation;Negation": 0.0,
  "logic__Temporal;Conjunction": 0.0,
  "logic__Negation": -0.20109991663496093,
  "logic__Downward monotone;Existential;Negation": 0.0,
  "logic__Intervals/Numbers": -0.15374072439330316,
  "logic__Conjunction": -0.015495032701332583,
  "logic__Universal;Conjunction": 0.0,
  "logic__Existential;Upward monotone": 1.0,
  "logic__Upward monotone": 0.22171945701357465,
  "logic__Downward monotone;Conditionals": 0.0,
  "logic__Conjunction;Upward monotone": 0.0,
  "logic__Negation;Conditionals": 0.0,
  "logic__Double negation": -0.10112997936948631,
  "knowledge": 0.12634648528731474,
  "knowledge__World knowledge": 0.09648893689909617,
  "all_mcc": 0.13211854228097192,
  "accuracy": 0.5498188405797102
}
