{
  "ans_f1": 0.6994611620903015,
  "qst_f1": 0.6629619498773629,
  "em": 0.28130170987313846,
  "avg": 0.49038143598172
}
