{
  "accuracy": 0.4840182648401826,
  "f1": 0.3767208158969879,
  "precision": 0.41988837718963623,
  "recall": 0.3882296532392502
}
