{
  "accuracy": 0.7329557484649587,
  "f1": 0.6827642917633057,
  "precision": 0.6696681976318359,
  "recall": 0.6963827610015869
}
