{
  "f1": 0.3243243396282196,
  "acc": 0.512987012987013
}
