{
  "accuracy": 0.672242218928647,
  "f1": 0.6352497935295105,
  "precision": 0.5873638391494751,
  "recall": 0.6916367411613464
}
