{
  "ans_f1": 0.5276464819908142,
  "qst_f1": 0.421209415002745,
  "em": 0.028130170987313845,
  "avg": 0.27788832648906403
}
