{
  "accuracy": 0.4634703196347032,
  "f1": 0.40468597908814746,
  "precision": 0.41483668486277264,
  "recall": 0.406206414103508
}
