{
  "accuracy": 0.6993965699767097,
  "f1": 0.6106273531913757,
  "precision": 0.6559139490127563,
  "recall": 0.571190357208252
}
