{
  "ans_f1": 0.7284731268882751,
  "qst_f1": 0.6938920042426693,
  "em": 0.34583563154991726,
  "avg": 0.5371543792190963
}
