{
  "accuracy": 0.4863013698630137,
  "f1": 0.38691940903663635,
  "precision": 0.429340327779452,
  "recall": 0.3928290605545044
}
