{
  "acc_f1": 0.6505550417470636,
  "accuracy": 0.6062111801242236,
  "f1": 0.6948989033699036,
  "precision": 0.5694006085395813,
  "recall": 0.8913580179214478
}
