{
  "ans_f1": 0.7256363034248352,
  "qst_f1": 0.694192941535328,
  "em": 0.3342526199669057,
  "avg": 0.5299444616958704
}
