{
  "accuracy": 0.4817351598173516,
  "f1": 0.3683999826510747,
  "precision": 0.4026674876610438,
  "recall": 0.37834880252679187
}
