{
  "accuracy": 0.7193521067118357,
  "f1": 0.6731196045875549,
  "precision": 0.6480294466018677,
  "recall": 0.7002308964729309
}
