{
  "acc_f1": 0.6447464122905494,
  "accuracy": 0.6049689440993788,
  "f1": 0.68452388048172,
  "precision": 0.572139322757721,
  "recall": 0.8518518805503845
}
