{
  "ans_f1": 0.6474777460098267,
  "qst_f1": 0.5857641976706836,
  "em": 0.2410369553226696,
  "avg": 0.44425735066624816
}
