{
  "accuracy": 0.45662100456621,
  "f1": 0.3885633597771327,
  "precision": 0.4098649521668752,
  "recall": 0.3872608244419098
}
