{
  "accuracy": 0.6374126614439974,
  "f1": 0.610751211643219,
  "precision": 0.548255443572998,
  "recall": 0.6893278360366821
}
