{
  "f1": 0.24276330898902213,
  "em": 0.24142207523770154,
  "avg": 0.24209269211336182
}
