{
  "acc_f1": 0.637722039629954,
  "accuracy": 0.5962732919254659,
  "f1": 0.6791707873344421,
  "precision": 0.5657894611358643,
  "recall": 0.8493826985359192
}
