{
  "lex_sem": 0.20899281726825492,
  "lex_sem__Factivity;Quantifiers": 0.0,
  "lex_sem__Morphological negation": 0.3086066999241838,
  "lex_sem__Quantifiers": 0.29710558438327656,
  "lex_sem__Lexical entailment": 0.016874541452677916,
  "lex_sem__Lexical entailment;Factivity": 0.0,
  "lex_sem__Symmetry/Collectivity": 0.25103950552320115,
  "lex_sem__Named entities": -0.24806946917841693,
  "lex_sem__Lexical entailment;Quantifiers": 0.5773502691896258,
  "lex_sem__Redundancy": 0.4728662437434604,
  "pr_ar_str": 0.26403169327831494,
  "pr_ar_str__Nominalization": 0.4218307438660538,
  "pr_ar_str__Ellipsis/Implicits": 0.35805743701971643,
  "pr_ar_str__Prepositional phrases": 0.35800769333649957,
  "pr_ar_str__Active/Passive;Prepositional phrases": 0.0,
  "pr_ar_str__Core args": 0.4568455033435322,
  "pr_ar_str__Relative clauses": -0.07905694150420949,
  "pr_ar_str__Restrictivity;Relative clauses": 0.0,
  "pr_ar_str__Genitives/Partitives": 0.2857142857142857,
  "pr_ar_str__Coordination scope": -0.026635230279541188,
  "pr_ar_str__Anaphora/Coreference": 0.2337367475021143,
  "pr_ar_str__Anaphora/Coreference;Prepositional phrases": 0.0,
  "pr_ar_str__Nominalization;Genitives/Partitives": 0.0,
  "pr_ar_str__Relative clauses;Anaphora/Coreference": 1.0,
  "pr_ar_str__Active/Passive": 0.09759000729485331,
  "pr_ar_str__Restrictivity;Anaphora/Coreference": 0.0,
  "pr_ar_str__Intersectivity": 0.13764944032233706,
  "pr_ar_str__Ellipsis/Implicits;Anaphora/Coreference": 0.5773502691896258,
  "pr_ar_str__Intersectivity;Ellipsis/Implicits": 0.0,
  "pr_ar_str__Restrictivity": 0.35082320772281167,
  "pr_ar_str__Datives": 0.2058790548922549,
  "pr_ar_str__Relative clauses;Restrictivity": 0.5773502691896258,
  "pr_ar_str__Core args;Anaphora/Coreference": 1.0,
  "logic": 0.11277402931410573,
  "logic__Temporal": -0.07312724241271307,
  "logic__Intervals/Numbers": 0.20198059402174692,
  "logic__Disjunction;Conjunction": -0.5773502691896258,
  "logic__Disjunction;Conditionals;Negation": 0.3333333333333333,
  "logic__Universal": 0.5477225575051662,
  "logic__Non-monotone": 0.37625606633113623,
  "logic__Disjunction;Non-monotone": 0.0,
  "logic__Temporal;Intervals/Numbers": 0.0,
  "logic__Temporal;Conjunction": 0.0,
  "logic__Conditionals": 0.24459979523511427,
  "logic__Disjunction": -0.052414241836095915,
  "logic__Conjunction;Negation": 0.0,
  "logic__Double negation": -0.24673188560991335,
  "logic__Negation;Conditionals": 0.0,
  "logic__Existential;Negation": 0.0,
  "logic__Universal;Negation": 0.0,
  "logic__Downward monotone;Conditionals": 0.0,
  "logic__Negation": -0.018601633295108114,
  "logic__Universal;Conjunction": 0.0,
  "logic__Conjunction;Upward monotone": 0.0,
  "logic__Downward monotone": -0.13216960960863816,
  "logic__Existential": 0.25819888974716115,
  "logic__Double negation;Negation": 0.0,
  "logic__Intervals/Numbers;Non-monotone": 0.0,
  "logic__Disjunction;Negation": 0.0,
  "logic__Conjunction": 0.4857142857142857,
  "logic__Upward monotone": 0.06726727939963124,
  "logic__Downward monotone;Existential;Negation": 1.0,
  "knowledge": 0.15685761380116947,
  "knowledge__Common sense": 0.2591185410334346,
  "all_mcc": 0.200222567821681,
  "accuracy": 0.6086956521739131
}
