{
  "accuracy": 0.660120686004658,
  "f1": 0.6172279715538025,
  "precision": 0.576567530632019,
  "recall": 0.6640585064888
}
