{
  "acc_f1": 0.6629307286709731,
  "accuracy": 0.6211180124223602,
  "f1": 0.7047434449195862,
  "precision": 0.5796178579330444,
  "recall": 0.8987654447555542
}
