{
  "ans_f1": 0.6912676095962524,
  "qst_f1": 0.6480883295225032,
  "em": 0.2735797021511307,
  "avg": 0.48242365587369157
}
