{
  "accuracy": 0.502283105022831,
  "f1": 0.40220382312933606,
  "precision": 0.44112027684847516,
  "recall": 0.4050295849641164
}
