{
  "acc_f1": 0.6417362634439646,
  "accuracy": 0.5962732919254659,
  "f1": 0.6871992349624634,
  "precision": 0.5630914568901062,
  "recall": 0.8814814686775208
}
