{
  "ans_f1": 0.7090935707092285,
  "qst_f1": 0.6566464496428179,
  "em": 0.32156646442360726,
  "avg": 0.5153300175664179
}
