{
  "accuracy": 0.4977168949771689,
  "f1": 0.41493623455365497,
  "precision": 0.4513954520225525,
  "recall": 0.4128086467583974
}
