{
  "accuracy": 0.6275142917637095,
  "f1": 0.5867152214050293,
  "precision": 0.5411114692687988,
  "recall": 0.6407132148742676
}
