{
  "f1": 0.32380950450897217,
  "acc": 0.538961038961039
}
