{
  "acc_f1": 0.6257045638857421,
  "accuracy": 0.5888198757763975,
  "f1": 0.6625892519950867,
  "precision": 0.5642361044883728,
  "recall": 0.8024691343307495
}
