{
  "ans_f1": 0.6703633666038513,
  "qst_f1": 0.6156702912024746,
  "em": 0.26144511858797576,
  "avg": 0.46590424259591356
}
