{
  "accuracy": 0.4155251141552511,
  "f1": 0.3993563950061798,
  "precision": 0.4055278052886327,
  "recall": 0.42087216178576153
}
