{
  "f1": 0.2225358766904861,
  "em": 0.22089017500344496,
  "avg": 0.22171302584696553
}
