{
  "accuracy": 0.5774401863222528,
  "f1": 0.537619411945343,
  "precision": 0.4901256859302521,
  "recall": 0.5953052639961243
}
