{
  "f1": 0.3400000333786011,
  "acc": 0.5714285714285714
}
