{
  "acc_f1": 0.6695616134575435,
  "accuracy": 0.6285714285714286,
  "f1": 0.7105517983436584,
  "precision": 0.5843949317932129,
  "recall": 0.9061728119850159
}
