{
  "ans_f1": 0.7243682742118835,
  "qst_f1": 0.683829516550486,
  "em": 0.33976833976833976,
  "avg": 0.5320683069901117
}
