{
  "accuracy": 0.4497716894977169,
  "f1": 0.3845207045475642,
  "precision": 0.4025472104549408,
  "recall": 0.3830946683883667
}
