{
  "accuracy": 0.7245924200719881,
  "f1": 0.663693368434906,
  "precision": 0.6689251065254211,
  "recall": 0.6585428714752197
}
