{
  "acc_f1": 0.6107808200839143,
  "accuracy": 0.537888198757764,
  "f1": 0.6836734414100647,
  "precision": 0.5214007496833801,
  "recall": 0.9925925731658936
}
