{
  "accuracy": 0.3995433789954338,
  "f1": 0.2732719040165345,
  "precision": 0.3713704248269399,
  "recall": 0.3533266944189866
}
