{
  "accuracy": 0.6639847554520432,
  "f1": 0.6350465416908264,
  "precision": 0.5754323601722717,
  "recall": 0.7084402441978455
}
