{
  "acc_f1": 0.6581277771395926,
  "accuracy": 0.6149068322981367,
  "f1": 0.7013487219810486,
  "precision": 0.5750395059585571,
  "recall": 0.8987654447555542
}
