{
  "ans_f1": 0.7016574740409851,
  "qst_f1": 0.6671053056912861,
  "em": 0.29233314947600664,
  "avg": 0.4969953117584959
}
