{
  "accuracy": 0.4315068493150685,
  "f1": 0.36827520032723743,
  "precision": 0.38022200763225555,
  "recall": 0.36606323222319287
}
