{
  "f1": 0.22663635110927385,
  "em": 0.22557530660052363,
  "avg": 0.22610582885489874
}
