{
  "accuracy": 0.580721998729621,
  "f1": 0.5457881689071655,
  "precision": 0.4935186207294464,
  "recall": 0.610441267490387
}
