{
  "f1": 0.2666666805744171,
  "acc": 0.6428571428571429
}
